ROUGE-1,ROUGE-2,ROUGE-L,BLEU,BERTScore Precision (mean),BERTScore Recall (mean),BERTScore F1 (mean),METEOR
0.273614233154979,0.0464672369584441,0.135568947312395,0.0161183544442341,0.8245325177907944,0.8394929563999176,0.8318404668569565,0.25525460477710415
